<?xml version="1.0" encoding="UTF-8"?>
<project-private xmlns="http://www.netbeans.org/ns/project-private/1">
    <editor-bookmarks xmlns="http://www.netbeans.org/ns/editor-bookmarks/2" lastBookmarkId="0"/>
    <open-files xmlns="http://www.netbeans.org/ns/projectui-open-files/2">
        <group>
            <file>file:/C:/Users/Manideep%20R/Documents/NetBeansProjects/project1/src/java/images/Rooms1.java</file>
            <file>file:/C:/Users/Manideep%20R/Documents/NetBeansProjects/project1/web/adpract.jsp</file>
            <file>file:/C:/Users/Manideep%20R/Documents/NetBeansProjects/project1/web/comp.jsp</file>
            <file>file:/C:/Users/Manideep%20R/Documents/NetBeansProjects/project1/src/java/images/Donor.java</file>
            <file>file:/C:/Users/Manideep%20R/Documents/NetBeansProjects/project1/src/java/images/Pgadmin3.java</file>
            <file>file:/C:/Users/Manideep%20R/Documents/NetBeansProjects/project1/web/addoc.jsp</file>
            <file>file:/C:/Users/Manideep%20R/Documents/NetBeansProjects/project1/src/java/images/Practitioner.java</file>
            <file>file:/C:/Users/Manideep%20R/Documents/NetBeansProjects/project1/web/DEPT.jsp</file>
            <file>file:/C:/Users/Manideep%20R/Documents/NetBeansProjects/project1/web/home.jsp</file>
            <file>file:/C:/Users/Manideep%20R/Documents/NetBeansProjects/project1/src/java/images/Bill.java</file>
            <file>file:/C:/Users/Manideep%20R/Documents/NetBeansProjects/project1/web/dischrg.jsp</file>
            <file>file:/C:/Users/Manideep%20R/Documents/NetBeansProjects/project1/src/java/images/Patient.java</file>
            <file>file:/C:/Users/Manideep%20R/Documents/NetBeansProjects/project1/web/addmed.jsp</file>
            <file>file:/C:/Users/Manideep%20R/Documents/NetBeansProjects/project1/web/founders.jsp</file>
            <file>file:/C:/Users/Manideep%20R/Documents/NetBeansProjects/project1/src/java/images/Pgadmin11.java</file>
            <file>file:/C:/Users/Manideep%20R/Documents/NetBeansProjects/project1/src/java/images/Donor1.java</file>
            <file>file:/C:/Users/Manideep%20R/Documents/NetBeansProjects/project1/src/java/images/Pgadmin7.java</file>
            <file>file:/C:/Users/Manideep%20R/Documents/NetBeansProjects/project1/src/java/images/Practitioner1.java</file>
            <file>file:/C:/Users/Manideep%20R/Documents/NetBeansProjects/project1/web/availability.jsp</file>
            <file>file:/C:/Users/Manideep%20R/Documents/NetBeansProjects/project1/web/bloodbottle.jsp</file>
            <file>file:/C:/Users/Manideep%20R/Documents/NetBeansProjects/project1/src/java/images/Pgtest.java</file>
            <file>file:/C:/Users/Manideep%20R/Documents/NetBeansProjects/project1/web/donor.jsp</file>
            <file>file:/C:/Users/Manideep%20R/Documents/NetBeansProjects/project1/src/java/images/PgAdmin10.java</file>
            <file>file:/C:/Users/Manideep%20R/Documents/NetBeansProjects/project1/src/java/images/Transaction.java</file>
            <file>file:/C:/Users/Manideep%20R/Documents/NetBeansProjects/project1/web/transactn.jsp</file>
            <file>file:/C:/Users/Manideep%20R/Documents/NetBeansProjects/project1/src/java/Rooms.java</file>
            <file>file:/C:/Users/Manideep%20R/Documents/NetBeansProjects/project1/web/addpt.jsp</file>
            <file>file:/C:/Users/Manideep%20R/Documents/NetBeansProjects/project1/src/java/images/Medicine.java</file>
            <file>file:/C:/Users/Manideep%20R/Documents/NetBeansProjects/project1/web/bill.jsp</file>
            <file>file:/C:/Users/Manideep%20R/Documents/NetBeansProjects/project1/src/java/images/Doctor2.java</file>
            <file>file:/C:/Users/Manideep%20R/Documents/NetBeansProjects/project1/src/java/images/Doctor.java</file>
            <file>file:/C:/Users/Manideep%20R/Documents/NetBeansProjects/project1/src/java/images/Bill1.java</file>
            <file>file:/C:/Users/Manideep%20R/Documents/NetBeansProjects/project1/src/java/images/BloodBottle.java</file>
            <file>file:/C:/Users/Manideep%20R/Documents/NetBeansProjects/project1/src/java/images/Pgadmin.java</file>
            <file>file:/C:/Users/Manideep%20R/Documents/NetBeansProjects/project1/src/java/images/BloodBottle1.java</file>
            <file>file:/C:/Users/Manideep%20R/Documents/NetBeansProjects/project1/src/java/images/Transaction1.java</file>
        </group>
    </open-files>
</project-private>
